Brand, Product Name, Shipping
ZOTAC ,ZOTAC GeForce GTX 1080 Ti AMP Extreme Core 11GB GDDR5X 352-bit Gaming Graphics Card VR Ready 16+2 Power Phase Freeze Fan Stop IceStorm Cooling Spectra Lighting ZT-P10810F-10P,
Lenovo ,Lenovo 4X60M28228 Nvidia Quadro M2000 - Graphics Card - Quadro M2000 - 4 Gb - 4 X Displayport - For Thinkstation P410| P510,
HP ,HP P8Y48A Nvidia Quadro M2000 - Graphics Card - Quadro M2000 - 4 Gb Gddr5 - Pcie 3.0 X16 - 4 X Displayport - For Proliant Ml110 Gen9| Ml110 Gen9 Base| Ml110 Gen9 Entry,
ZOTAC ,ZOTAC GeForce GTX 1060 Mini| ZT-P10610A-10L| 3GB GDDR5 Super Compact,
PowerColor ,PowerColor RED DEVIL Radeon RX 580 DirectX 12 AXRX 580 8GBD5-3DH/OC 8GB 256-Bit GDDR5 PCI Express 3.0 CrossFireX Support ATX Video Card,
Sapphire Tech ,SAPPHIRE NITRO+ Radeon RX 580 DirectX 12 100411NT+4G-2L 4GB 256-Bit GDDR5 CrossFireX Support ATX Video Card w/ Backplate (UEFI)| SAMSUNG MEMORY,
XFX ,XFX GTS Black Core Edition Radeon RX 580 DirectX 12 RX-580P828D6 8GB OC+ 1405 MHz XFX Custom Backplate 256-Bit DDR5 PCI Express 3.0 CrossFireX Support Video Card,
VisionTek ,VisionTek Radeon 4350 512MB DDR2 (DVI-I| HDMI| VGA) Graphics Card - 900270,
EVGA ,6 Packs of EVGA - NVIDIA GeForce GTX 1060 6144MB GDDR5 PCI Express 3.0 Graphics Cards - Black (06G-P4-6264-KB),
SAMSUNG ,6 Packs of AMD Radeon RX 480 Samsung 4GB GDDR5 PCI Express 3.0 Gaming Graphics Cards - OEM,
ASUS ,ASUS ROG Strix Radeon RX 570 O4G Gaming OC Edition GDDR5 DP HDMI DVI VR Ready AMD Graphics Card (ROG-STRIX-RX570-O4G-GAMING),
ASUS ,ASUS Radeon RX 580 O4G Dual-fan OC Edition GDDR5 DP HDMI DVI VR Ready AMD Graphics Card (DUAL-RX580-O4G),
VisionTek ,Visiontek Radeon R7 240 Graphic Card - 2 GB DDR3 SDRAM - PCI Express 3.0 x8 - HDMIDVI,
MSI ,MSI R6450-MD1GD3/LP Radeon HD 6450 Graphic Card - 625 MHz Core - 1 GB DDR3 SDRAM - PCI Express 2.1 x16 - Low-profile - 1333 MHz Memory Clock - 64 bit Bus Width - 2560 x 1600 - CrossFire - Fan Cooler -,
MSI ,MSI G1060ai6c GTX 1060 AERO ITX 6G OC GeForce GTX1060 PCIE3.0 6GB 192bit GDDR5 Graphic Card,
Sapphire Tech ,Sapphire 11266-34-20g PULSE Radeon RX 570 ITX 4G GDDR5 HDMI/DVI-D/DP (UEFI) Graphics Cards,
EVGA ,EVGA - NVIDIA GeForce GTX 1060 6144MB GDDR5 PCI Express 3.0 Graphics Card - Black (06G-P4-6264-KB),
VisionTek ,VisionTek Radeon HD 3650 512MB x16 PCIe Graphics Card (900232),
PNY Technologies, Inc. ,PNY GeForce GTX 1060 Graphic Card - 1.51 GHz Core - 1.71 GHz Boost Clock - 6 GB GDDR5 - Dual Slot Space Required - 192 bit Bus Width - Fan Cooler - DirectX 12| OpenGL 4.5 - 3 x DisplayPort - 1 x ...,
Lenovo ,Lenovo Quadro NVS 310 Graphic Card - 1 GB - PCI Express 2.0 - Low-profile,
Lenovo ,Lenovo Quadro P400 Graphic Card - 2 GB GDDR5 - 3 x Mini DisplayPort - PC,
Lenovo ,Lenovo Quadro P4000 Graphic Card - 8 GB GDDR5 - Full-height (4x60n86664),
Lenovo ,Lenovo 4X60N86660 Nvidia Quadro P1000 - Graphics Card - Quadro P1000 - 4 Gb Gddr5 Low Profile - 4 X Mini Displayport - For Thinkstation P320 (Sff),
ZOTAC ,ZOTAC GeForce GTX 1060 Mini| ZT-P10600A-10L| 6GB GDDR5 Super Compact,
ASUS ,ASUS AMD Radeon R7 250 1GB DDR5 128-Bit DisplayPort HDMI DVI Graphics Card R7250-1GD5-V2,
PowerColor ,PowerColor RED DRAGON Radeon RX 570 DirectX 12 AXRX 570 4GBD5-3DHD/OC 4GB 256-Bit GDDR5 PCI Express 3.0 CrossFireX Support ATX Video Card,
Sapphire Tech ,SAPPHIRE PULSE Radeon RX Vega 56 DirectX 12 100420PSR 8GB 2048-Bit HBM2 PCI Express 3.0 CrossFireX Support ATX Video Card,
Sapphire Tech ,Sapphire FirePro S7150 Graphic Card - 8 GB GDDR5 - PCI Express 3.0 x16 - Full-length/Full-height - Single Slot Space Required,
PowerColor ,PowerColor Radeon RX Vega 64 DirectX 12 AXRX VEGA 64 8GBHBM2-2D2H/OC 8GB 2048-Bit HBM2 PCI Express 3.0 CrossFireX Support ATX Video Card,
PowerColor ,PowerColor RED DEVIL Golden Radeon RX 580 DirectX 12 AXRX 580 8GBD5-3DHG/OC 8GB 256-Bit GDDR5 PCI Express 3.0 CrossFireX Support ATX Video Card,
EVGA ,EVGA GeForce GTX 1080 Ti FTW3 GAMING| 11G-P4-6696-KR| 11GB GDDR5X| iCX Technology - 9 Thermal Sensors & RGB LED G/P/M,
Sapphire Tech ,Sapphire Radeon NITRO+ RX 580 8GB GDDR5 PCI-E Dual HDMI / DVI-D / Dual DP w/ Backplate SPECIAL EDITION (UEFI)| 100411NT+8GSEL,
EVGA ,EVGA GeForce GTX 1080 FTW GAMING ACX 3.0| 08G-P4-6286-KR| 8GB GDDR5X| RGB LED| 10CM FAN| 10 Power Phases| Double BIOS| DX12 OSD Support (PXOC),
EVGA ,EVGA GeForce GTX 1070 SC GAMING ACX 3.0 Black Edition| 08G-P4-5173-KR| 8GB GDDR5| LED| DX12 OSD Support (PXOC),
EVGA ,EVGA GeForce GTX 1070 Ti SC GAMING 08G-P4-5671-KR 8GB GDDR5 ACX 3.0 & Black Edition,
EVGA ,EVGA GeForce GTX 1070 SC GAMING ACX 3.0| 08G-P4-6173-KR| 8GB GDDR5| LED| DX12 OSD Support (PXOC),
